"0","summary_log<- read_csv(here(""uniprot_component_fasta_files"", ""download_summary.csv""))  "
"2","[1mRows: [22m[34m343[39m [1mColumns: [22m[34m5[39m"
"2","[36m──[39m [1mColumn specification[22m [36m─────────────────────────────────────────────────────────────────────────[39m
[1mDelimiter:[22m "",""
[31mchr[39m (5): proteome_id, component_name, fasta_url, status, file_name"
"2","
[36mℹ[39m Use `spec()` to retrieve the full column specification for this data.
[36mℹ[39m Specify the column types or set `show_col_types = FALSE` to quiet this message."
"0","summary_log |> count(status)"
