"0","# Set input directory"
"0","input_dir <- here(""uniprot_component_fasta_files"")"
"0",""
"0","# List all FASTA files in the input directory"
"0","fasta_files <- list.files(input_dir, pattern = ""\\.(fa|fasta)$"", full.names = TRUE)"
"0",""
"0","# Initialize an empty list to store data"
"0","seq_data_list <- list()"
"0",""
"0","# Read and extract data from each file"
"0","for (f in fasta_files) {"
"0","  #cat(""Reading:"", f, ""\n"")"
"0","  seqs <- readAAStringSet(f)"
"0","  df <- tibble("
"0","    name = names(seqs),"
"0","    sequence = as.character(seqs),"
"0","    filename = basename(f) #removes the path"
"0","  )"
"0","  seq_data_list[[f]] <- df"
"0","}"
"0",""
"0","# Combine into a single dataframe and tidy up"
"0","protein_targets <- bind_rows(seq_data_list)"
"0","rm(df, seq_data_list, seqs, f, fasta_files, input_dir)"
"0",""
"0","# Extract information from fasta header (name)"
"0","protein_targets<-protein_targets |> "
"0","  separate(""name"", into = c(""stuff1"", ""protein_id"", ""rest""), sep = ""\\|"", extra= ""merge"") |> "
"0","  separate(""rest"", into = c(""protein_species"", ""rest2""), extra= ""merge"", sep = "" "")  |> "
"0","  separate(""rest2"", into = c(""annotation"", ""rest3""), extra= ""merge"", sep = "" OS="") |> "
"0","   separate(""rest3"", into = c(""subspecies"", ""ncbi_taxonomy_and_rest""), extra= ""merge"", sep = "" OX="") |> "
"0","  separate(""ncbi_taxonomy_and_rest"", into = c(""ncbi_taxonomy"", ""gene_and_rest""), extra= ""merge"", sep = "" GN="") |> "
"0","  separate(""gene_and_rest"", into = c(""gene"", ""protein_existence_and_version""), extra= ""merge"", sep = "" "") "
"0",""
"0","#Some basic checks"
"0","protein_targets |> summarise(n_distinct(ncbi_taxonomy)) #23"
