"0","protein_targets <- protein_targets |> distinct(protein_id, .keep_all = TRUE)"
"0",""
"0","# Extract information from filename (chromosome or plasmid)"
"0","#How many proteins are on plasmids vs chromosomes"
"0",""
"0","protein_targets <- protein_targets |> "
"0","  separate(""filename"", into = c(""proteome_id"", ""component""), extra= ""merge"", sep = ""_"") |> "
"0","  mutate(component = str_remove(component, ""\\.fasta$""))"
"0","protein_targets |> count(component, sort = TRUE) #many are unassembled."
