"0","# read signalp results"
"0","results_signalp6 <- read_tsv("
"0","      here(""results"",  ""signalp_results.txt""),"
"0","      skip = 1,"
"0","      col_names = TRUE,"
"0","      name_repair = ""universal"") |>"
"0","      clean_names() |>"
"0","      separate(""id"", into = c(""stuff1"", ""protein_id"", ""rest""), sep = ""\\|"", extra = ""merge"") |>"
"0","      select(protein_id, prediction) |>"
"0","      dplyr::rename(prediction_signalp = prediction) |>"
"0","      distinct(protein_id, .keep_all = TRUE)"
"2","New names:"
"2","[1mRows: [22m[34m30527[39m [1mColumns: [22m[34m9[39m"
"2","[36m──[39m [1mColumn specification[22m [36m─────────────────────────────────────────────────────────────────────────[39m
[1mDelimiter:[22m ""\t""
[31mchr[39m (3): ..ID, Prediction, CS.Position
[32mdbl[39m (6): OTHER, SP.Sec.SPI., LIPO.Sec.SPII., TAT.Tat.SPI., TATLIPO.Tat.SPII., PILIN.Sec.SPIII."
"2","
[36mℹ[39m Use `spec()` to retrieve the full column specification for this data.
[36mℹ[39m Specify the column types or set `show_col_types = FALSE` to quiet this message."
"0","results_signalp6 |> count(prediction_signalp, sort=TRUE)"
