"0","# Importing results from PRED_TMBB2"
"0","results_pred_tmbb2 <- read_tsv(here(""results"",""predtmbb2_results.txt""), col_names = TRUE) |> "
"0","  clean_names() |>  "
"0","	separate(""protein_id"", into = c(""stuff1"", ""protein_id"", ""protein_abbrev"", ""species_id"", ""rest""), sep = ""_"") |> "
"0","	separate(beta_barrel_score_cut_off_0_25, into = c(""X4"", ""prediction_predtmbb2""), sep = ""\\|"") |> "
"0","	select(protein_id, species_id, prediction_predtmbb2, sequence_length) |>  "
"0","	distinct()"
"2","[1mRows: [22m[34m30443[39m [1mColumns: [22m[34m8[39m"
"2","[36m──[39m [1mColumn specification[22m [36m─────────────────────────────────────────────────────────────────────────[39m
[1mDelimiter:[22m ""\t""
[31mchr[39m (5): Protein ID, Predicted signal peptide, Beta-barrel score (cut-off: 0.25), OMPdb famil...
[32mdbl[39m (3): Sequence length, #TM predicted, Reliability"
"2","
[36mℹ[39m Use `spec()` to retrieve the full column specification for this data.
[36mℹ[39m Specify the column types or set `show_col_types = FALSE` to quiet this message."
"2","Warning: Expected 5 pieces. Missing pieces filled with `NA` in 30039 rows [1, 2, 4, 5, 6, 9, 12, 13, 14, 15, 18, 21, 22, 23, 24, 25, 26, 27, 31, 33, ...]."
"0","results_pred_tmbb2 |> count(is.na(protein_id))"
