{"chunk_definitions":[{"row":20,"row_count":1,"visible":true,"expansion_state":0,"options":{"engine":"r","label":"unnamed-chunk-8","dev":"png"},"document_id":"E8A1AFAB","chunk_id":"c98zxw6ejpbc5","chunk_label":"unnamed-chunk-1"},{"row":38,"row_count":1,"visible":true,"expansion_state":0,"options":{"engine":"r","label":"unnamed-chunk-9","dev":"png"},"document_id":"E8A1AFAB","chunk_id":"cjvdgvv4m55xx","chunk_label":"unnamed-chunk-2"},{"row":152,"row_count":1,"visible":true,"expansion_state":0,"options":{"engine":"r","label":"unnamed-chunk-10","dev":"png"},"document_id":"E8A1AFAB","chunk_id":"co0v0vj6vcf9l","chunk_label":"unnamed-chunk-3"},{"row":165,"row_count":1,"visible":true,"expansion_state":0,"options":{"engine":"r","label":"unnamed-chunk-11","dev":"png"},"document_id":"E8A1AFAB","chunk_id":"c62le1z2p0z7e","chunk_label":"unnamed-chunk-4"},{"row":222,"row_count":1,"visible":true,"expansion_state":0,"options":{"engine":"r","label":"unnamed-chunk-12","dev":"png"},"document_id":"E8A1AFAB","chunk_id":"c20f8e3rz57z4","chunk_label":"unnamed-chunk-5"},{"row":240,"row_count":1,"visible":true,"expansion_state":0,"options":{"engine":"r","label":"unnamed-chunk-13","dev":"png"},"document_id":"E8A1AFAB","chunk_id":"c1yonis3gm1ig","chunk_label":"unnamed-chunk-6"},{"row":257,"row_count":1,"visible":true,"expansion_state":0,"options":{"engine":"r","label":"unnamed-chunk-14","dev":"png"},"document_id":"E8A1AFAB","chunk_id":"cy0hedkyf8ypq","chunk_label":"unnamed-chunk-7"},{"row":273,"row_count":1,"visible":true,"expansion_state":0,"options":{"engine":"r","label":"unnamed-chunk-15","dev":"png"},"document_id":"E8A1AFAB","chunk_id":"cud1ul28267sj","chunk_label":"unnamed-chunk-8"},{"row":285,"row_count":1,"visible":true,"expansion_state":0,"options":{"engine":"r","label":"unnamed-chunk-16","dev":"png"},"document_id":"E8A1AFAB","chunk_id":"clncmj2g7v5o9","chunk_label":"unnamed-chunk-9"},{"row":293,"row_count":1,"visible":true,"expansion_state":0,"options":{"engine":"r","label":"unnamed-chunk-17","dev":"png"},"document_id":"E8A1AFAB","chunk_id":"cuqfr4gzjg04l","chunk_label":"unnamed-chunk-10"},{"row":303,"row_count":1,"visible":true,"expansion_state":0,"options":{"engine":"r","label":"unnamed-chunk-18","dev":"png"},"document_id":"E8A1AFAB","chunk_id":"cujkrhpmhxho6","chunk_label":"unnamed-chunk-11"},{"row":320,"row_count":1,"visible":true,"expansion_state":0,"options":{"engine":"r","label":"unnamed-chunk-19","dev":"png"},"document_id":"E8A1AFAB","chunk_id":"cqs3xmp41o9ce","chunk_label":"unnamed-chunk-12"}],"doc_write_time":1758732019}