"0","results_tmhmm <- read_csv(here(""results"", ""tmhmm_results.txt""),col_names = FALSE)"
"2","[1mRows: [22m[34m30643[39m [1mColumns: [22m[34m3[39m"
"2","[36m──[39m [1mColumn specification[22m [36m─────────────────────────────────────────────────────────────────────────[39m
[1mDelimiter:[22m "",""
[31mchr[39m (3): X1, X2, X3"
"2","
[36mℹ[39m Use `spec()` to retrieve the full column specification for this data.
[36mℹ[39m Specify the column types or set `show_col_types = FALSE` to quiet this message."
"0","# separate the column X1 to get the protein id and the prediction"
"0","results_tmhmm <- results_tmhmm |>  separate(""X1"", into = c(""stuff1"", ""protein_id"", ""rest""), sep = ""\\|"", extra= ""merge"")  "
"0","results_tmhmm <- results_tmhmm |>  "
"0","  mutate(prediction_tmhmm = str_trim(word(rest, -1, sep = ""\\|""))) |> "
"0","  select(protein_id, prediction_tmhmm) |> distinct(protein_id, .keep_all = TRUE)"
"0","results_tmhmm |> count(prediction_tmhmm)"
