"0","results_psortb <- read_tsv(here(""results"",""PSORTb_results.txt""))"
"2","[1mRows: [22m[34m30527[39m [1mColumns: [22m[34m3[39m"
"2","[36m──[39m [1mColumn specification[22m [36m─────────────────────────────────────────────────────────────────────────[39m
[1mDelimiter:[22m ""\t""
[31mchr[39m (2): seq_id, localization
[32mdbl[39m (1): score"
"2","
[36mℹ[39m Use `spec()` to retrieve the full column specification for this data.
[36mℹ[39m Specify the column types or set `show_col_types = FALSE` to quiet this message."
"0","# clean the data"
"0","results_psortb <- results_psortb |> 	"
"0","  separate(seq_id, into = c(""stuff1"", ""protein_id"", ""rest""), sep = ""\\|"") |>  "
"0","	separate(rest, into = c(""protein_abbrev"", ""rest""), sep = ""_"", extra = ""merge"") |>  "
"0","	separate(rest, into = c(""species_id"", ""protein_description""), sep = "" "", extra = ""merge"") |>  "
"0","	distinct() |> "
"0","	select(protein_id, species_id, localization) |>  "
"0","	dplyr::rename(""prediction_psortb"" = localization  )"
"0","results_psortb |>  distinct() |>   group_by(prediction_psortb) |>  count() |>  arrange(desc(n)) "
