"0","# The big filtering"
"0","filtered_prediction <- all_results |>  "
"0","  filter(component != ""Unassembled_WGS_sequence"") |>  #remove the unassembled proteomes"
"0","  filter(component != ""Chromosome"") |> #remove chromosomal sequences"
"0","  filter(!prediction_psortb %in% c(""Cytoplasmic"", ""CytoplasmicMembrane"")) |>  #not cytoplasmic"
"0","  filter(prediction_signalp ==""SP"") |>  # has a signal peptide, not a lipoprotein"
"0","	filter(prediction_predtmbb2 > 0.25) |>    #is predicted to be a beta barrel"
"0","  filter(prediction_tmhmm == ""BETA"")  "
"0","  #filter(annotation != ""DUF5723 domain-containing protein (Fragment)"") #removes the fragment "
"0","filtered_prediction"
